Primary ID,Species,Type,9.98,9.94,9.9,9.86,9.82,9.78,9.74,9.7,9.66,9.62,9.58,9.54,9.5,9.46,9.42,9.38,9.34,9.3,9.26,9.22,9.18,9.14,9.1,9.06,9.02,8.98,8.94,8.9,8.86,8.82,8.78,8.74,8.7,8.66,8.62,8.58,8.54,8.5,8.46,8.42,8.38,8.34,8.3,8.27,8.23,8.19,8.15,8.11,8.07,8.03,7.99,7.95,7.91,7.87,7.83,7.79,7.75,7.71,7.67,7.63,7.59,7.55,7.51,7.47,7.43,7.39,7.35,7.31,7.27,7.23,7.19,7.15,7.11,7.07,7.03,6.99,6.95,6.91,6.87,6.83,6.79,6.75,6.71,6.67,6.63,6.59,6.55,6.51,6.47,6.43,6.39,6.35,6.31,6.27,6.23,6.19,6.15,6.11,6.07,6.03,5.99,5.95,5.91,5.87,5.83,5.79,5.75,5.71,5.67,5.63,5.59,5.55,5.51,5.47,5.43,5.39,5.35,5.31,5.27,5.23,5.19,5.15,5.11,5.07,5.03,4.95,4.91,4.87,4.83,4.79,4.75,4.71,4.68,4.64,4.6,4.56,4.52,4.48,4.44,4.4,4.36,4.32,4.28,4.24,4.2,4.16,4.12,4.08,4.04,4,3.96,3.92,3.88,3.84,3.8,3.76,3.72,3.68,3.64,3.6,3.56,3.52,3.48,3.44,3.4,3.36,3.32,3.28,3.24,3.2,3.16,3.12,3.08,3.04,3,2.96,2.92,2.88,2.84,2.8,2.76,2.72,2.68,2.64,2.6,2.56,2.52,2.48,2.44,2.4,2.36,2.32,2.28,2.24,2.2,2.16,2.12,2.08,2.04,2,1.96,1.92,1.88,1.84,1.8,1.76,1.72,1.68,1.64,1.6,1.56,1.52,1.48,1.44,1.4,1.36,1.32,1.28,1.24,1.2,1.16,1.13,1.09,1.05,1.01,0.97,0.93,0.89,0.85,0.81,0.77,0.73,0.69,0.65,0.61,0.57
C1,L. coniforn,Stingless bee,0.0161817,-0.00358643,0.0130281,-0.00469664,-0.0200946,0.0103072,0.00113194,0.00260771,0.00517381,0.00280899,-0.00762077,-0.00308726,-0.0034753,0.00936013,-0.00607852,0.0103505,-0.00999423,0.00231427,0.015096,-0.0119784,1.24812,0.43818,0.00209075,-0.00258432,0.00406551,0.0129329,-0.0198967,-0.103126,0.884265,-0.0117609,0.00922489,-0.0102161,0.0160538,-0.0164398,0.0126888,-0.00558171,0.00202819,-0.0966706,0.643693,-0.00999418,0.00921686,0.00235229,-0.00985752,-0.0414653,0.029806,-0.0154456,-0.0629646,0.0524043,0.0210307,0.00204528,0.0109765,-0.0111268,0.0132097,-0.0180396,-0.00732622,0.0107237,0.0225043,0.0212775,-0.0597974,0.0185206,-0.00829912,-0.00319734,-0.010433,0.0472904,110.837,63.8648,250.972,13.5436,4.43781,-0.097445,4.15251,0.00894307,0.0141891,0.00131866,-0.0077385,0.00611453,-0.0056478,0.0822987,0.184244,0.0692638,-0.0190676,0.0113177,-0.0114498,0.00466749,-0.00827734,0.0193713,-0.00732733,0.0663768,-0.106912,0.0554345,-0.0203129,0.0090625,-0.00720457,-0.00471529,-0.00146365,-0.0044462,0.0208186,0.0107338,-0.011031,-0.0195114,-0.0495294,0.00692848,0.0725999,-0.00384093,0.0146036,0.00349102,-0.0481101,0.0163831,0.034247,-0.0181712,0.00656114,-0.0261922,0.084068,6.1114,40.1964,31.516,125.756,323.137,30.5561,77.3184,525.048,15.8954,16.792,42.1153,1.12373,715.209,39.9644,1.11594,6.75225,9.06151,5.21076,6.70973,5.83679,85.0092,744.571,13.1943,11.3823,16.1553,1.89188,12.7998,11.6312,104.023,50.1306,119.101,186.563,155.614,1706,4577.99,1978.32,3165.21,3898.12,3239.37,8007.47,8788.41,6168.05,10219.7,8857.03,8749.57,1082.21,802.681,4593.76,3993.25,1561.51,4023.97,5038.53,654.287,482.107,141.527,383.722,359.223,3.51932,83.7221,26.8465,7.38091,0.111482,-7.69E-11,-7.69E-11,-0.0352336,4.183,0.0421522,0.265748,16.1639,0.877105,1.19982,1.78665,18.9871,8.63538,19.9732,46.5179,32.0376,13.8312,1.96901,-0.08715,0.000727684,3.56941,58.0777,33.7805,19.5809,13.8766,11.1789,16.0448,892.82,2.04286,4.99116,2.61864,0.459357,-0.0427045,0.0848037,-0.0021003,-0.0762633,-0.0429298,0.754705,44.1547,47.1187,13.1021,580.749,753.443,7.38616,12.857,15.4123,20.07,4.06548,4.29774,3.56948,12.0546,4.32055,0.00644434,0.0174462,-0.0530623,0.0430353,0.000608991,-7.74E-11,-7.74E-11,-7.74E-11,-7.74E-11,-7.74E-11
C2,T. apicalis,Stingless bee,0,0,0,0,0,0,0,0,0,0,0,0,0,0,0,0,0,0,0,0,0,0,0,0,0,0,0,0,0,0,0,0,0,0,0,0,-0.111599,2.35467,-0.0486818,0.00784856,1.55E-15,1.55E-15,1.55E-15,1.57E-15,1.57E-15,1.57E-15,0.000317544,-0.000298865,9.89E-06,1.55E-15,1.55E-15,1.55E-15,1.55E-15,1.55E-15,1.55E-15,1.55E-15,0.0122968,3.5054,0.0132213,-0.00132005,0.00132005,0.00539753,0.00477308,0.00555208,28.5817,15.1263,63.3223,1.42354,0.0316494,-0.362284,6.66311,0.0110203,-2.51E-13,-2.51E-13,-2.51E-13,-2.51E-13,-2.51E-13,0.107158,7.48968,0.136,-2.53E-13,-2.53E-13,-2.53E-13,-2.53E-13,-2.53E-13,-2.53E-13,-2.53E-13,-2.53E-13,-2.53E-13,-2.53E-13,-2.53E-13,-2.53E-13,-2.53E-13,-2.53E-13,-2.53E-13,-2.53E-13,-2.53E-13,-2.53E-13,-2.53E-13,-2.53E-13,-2.53E-13,-2.53E-13,-2.53E-13,-2.53E-13,-2.53E-13,-2.53E-13,-2.53E-13,-2.53E-13,-2.53E-13,-8.63E-05,0.000130377,-0.00497527,0.0791177,4.1209,5.99004,7.74832,19.1507,62.9836,7.09493,127.973,1063.52,-0.10183,4.8638,30.8201,0.0830043,413.761,42.907,4.5636,3.1889,4.74267,-0.179416,9.62005,17.0465,171.921,1752.64,11.4352,11.9688,40.1615,36.7877,31.4744,24.2703,49.0913,35.4245,63.5761,98.9094,156.324,1674.31,3429.56,2361.03,2250.93,3271.6,2531.24,8025.82,7085.11,7451.68,8330.23,9669.36,8471.35,1408.97,666.344,4294.4,3214.19,2347.76,3757.46,5014.08,1264.7,536.358,68.7489,864.999,977.129,27.2952,46.3296,14.5849,18.9721,2.48306,0.175994,-0.144518,0.0897002,-0.183932,0.115967,11.3907,0.0805216,-0.104175,0.763471,0.46678,0.0154812,37.1962,27.6859,13.6742,90.6276,23.2372,0.738608,-0.190898,0.047624,8.42354,106.173,60.851,49.1181,21.0103,1412.32,121.734,25.4211,10.47,0.74394,1.63073,17.4242,1.65379,15.7924,1.75218,0.0414081,-0.0570115,0.744607,126.239,150.395,29.3299,1226.56,1034.07,85.797,52.1601,743.613,77.1414,27.2448,23.1529,30.1622,72.763,63.2292,4.48663,-0.0975053,0.0124196,-0.0457735,0.0125296,0.0555372,-0.0164771,0.00238509,-0.0343924,0.00880216
C3,H. itama,Stingless bee,0.00010912,0.00410948,-0.00154178,0.00831864,-0.0120112,0.00188433,-0.00247525,0.00118554,0.00682129,-0.0130376,0.00793376,-0.0215969,1.28931,-0.00551134,-0.000276245,-0.00541181,0.00330734,-0.00485806,-0.00283324,0.018973,0.076408,-0.0796946,0.00521396,-0.00724952,0.00342225,-0.00290185,-0.00863945,-0.0507348,0.0571769,-0.00151728,0.00149629,0.00511476,-0.00626644,0.000143636,0.00137582,0.00502699,0.00481985,-0.130568,1.03505,-0.0157432,0.00806108,-0.00712662,-0.000187219,-0.0187653,0.014577,-0.0461782,0.0180589,0.083686,-0.0531121,0.00956496,-0.0100878,0.0100416,-0.00294973,-0.0104936,0.00784921,-0.00348023,0.000601918,0.013134,-0.0217945,0.0108571,0.0666694,1.80146,0.0524491,0.0540112,24.0081,23.0876,77.7078,2.72563,0.0914772,-0.0343408,1.20537,-0.00293998,-0.0171799,0.0266719,-0.0404055,0.0125345,0.00162704,0.0654668,1.91954,0.0106744,0.0204969,-0.00698868,0.497931,1.62007,-0.012965,-0.0108224,0.00598536,0.0193231,-0.0469348,0.030836,-0.00469911,0.00517323,-0.0211981,0.019172,-0.00146356,-0.00786847,0.00686146,-0.00802429,0.00405531,-0.0191908,-0.00397294,0.0166343,-0.00419413,-0.00389029,0.030048,-0.00628494,-0.0241186,0.0158173,-0.0111546,-0.000571958,-0.00848992,0.0141464,0.0679807,2.20577,10.2986,9.86771,32.1043,171.458,16.1376,100.022,682.09,15.7424,7.44932,39.4691,1.38171,641.988,17.8563,-0.428263,6.38386,7.78797,8.92835,18.2317,31.2691,131.357,1066.63,30.8255,31.8379,63.9458,76.404,79.2819,50.037,101.93,76.3723,113.538,181.382,217.337,1696.76,4491.65,2584.95,2679.22,4202.69,3102,8179.22,8086.58,6721.39,9403.91,9560.01,8866.69,1026.69,670.065,4581.95,4175.51,1627.97,3595.24,5166.65,939.389,397.203,103.862,494.168,578.516,18.5486,28.5319,8.72331,3.95216,0.0520573,-0.0203239,0.0527489,-0.238114,0.76859,-0.0725338,0.997902,0.179786,4.55036,-0.185841,0.0029447,0.114577,1.32101,-0.0786325,5.2619,17.3082,7.43957,-0.000158688,-0.00948828,0.00515787,26.9026,129.383,99.1455,15.8001,3.43867,6.30055,0.0643612,514.307,3.92194,3.96508,0.12017,-0.126191,-0.0561262,0.047769,-0.0189936,-0.000982269,-0.189593,0.0435054,59.9709,220.584,29.8497,305.297,742.97,3.74989,5.21436,2.16353,7.43815,-0.121461,2.64243,0.137575,8.46625,4.67758,0.0133149,-0.0178789,0.0190622,0.00489822,-0.00181079,-0.00179774,0.00648444,0.000304424,0.00464288,-0.010608
C4,H. itama,Stingless bee,-0.00908461,1.53E-05,0.0050548,0.0046178,-0.00140355,0.00568114,-0.00854741,-0.00197452,0.000477982,0.0082305,-0.00396422,-0.0031415,0.005831,-0.0199028,0.0195161,-0.0120369,0.00692906,-0.00899576,-0.000981697,0.024413,-0.00882899,0.00830658,-0.00904967,0.00290305,-0.0233963,0.00792504,0.0105762,-0.0126116,0.00464596,-0.00242907,0.0101967,0.00538674,4.51E-05,0.00327312,0.004969,-0.0143538,0.0177906,-0.0857101,0.00571499,0.00843392,0.00985648,-0.0282341,0.00255296,-0.0151906,0.0179638,-0.0579388,0.0380912,0.0297614,0.0122444,-0.013241,0.216374,-0.234876,0.0253672,-0.00463186,-0.0116544,-0.0191926,0.0101868,-0.031823,0.0435092,-0.0048103,0.00174121,-0.0148416,-0.00431912,0.0196123,5.29326,6.20204,25.0909,1.15893,0.0255639,-0.0699832,1.22059,0.120988,-0.0664607,-0.0866665,0.07524,-0.011384,0.0216874,0.0415049,0.971561,0.0892273,0.0146703,-0.0184432,-0.00673206,-0.00539315,0.0132944,0.0331442,-0.0407425,0.0135836,0.00459997,0.00144801,0.00299393,-0.00059372,-0.000866912,-0.0146579,0.0098061,-0.00640578,0.000971536,0.00702315,-0.0165387,0.00482016,0.0127626,-0.00771851,0.00220353,0.00596683,0.0119563,-0.0155961,0.00355758,0.00642546,-0.00619898,-0.00163914,-0.0124163,0.0111646,0.143254,5.4615,16.0722,19.5412,21.1377,126.808,7.843,70.6364,1524.9,0.861883,0.19637,21.2701,0.192422,336.585,14.6762,-0.0289675,2.54099,0.166723,-0.375121,13.0471,3.62115,124.421,2506.95,33.795,24.3251,25.0173,0.124215,5.04617,2.36097,24.0363,19.5318,30.4461,96.5093,150.509,1364.92,3835.38,3850.62,1673.16,4258,2068.64,7789.13,6625.16,7938.49,6217.03,11428.4,7579.23,1360.45,858.87,4927.98,3847.92,3135.3,3402.48,5882.35,1900.75,426.194,77.7312,1159.46,1271.16,4.68314,16.0537,-0.334613,1.32647,0.116721,0.0227455,-0.0177173,-0.00150864,0.0216121,-0.00848619,2.98011,-0.224326,0.0770894,0.014909,0.0116724,-0.141106,0.222815,0.820438,13.4926,21.8402,5.81035,-0.00163215,-0.0213761,0.0131874,1.05594,21.1941,21.9444,9.51724,-0.334284,1.51573,-0.916627,277.066,0.591014,0.010441,0.146005,-0.00653227,-0.141125,-0.063765,0.0693016,0.00405517,-0.0936925,-0.435414,30.9748,17.0228,7.41027,41.2999,413.441,4.96715,7.23516,339.49,30.4649,3.73146,3.31203,6.68397,20.6012,16.3813,-0.0750938,0.0308755,0.0136563,-0.00881782,-0.00500707,0.00148365,-0.00709993,0.00906031,-0.00722802,-0.0013663
C5,H. itama,Stingless bee,-0.01112,0.00249052,-0.00387209,0.00249243,-0.00231831,0.00832375,0.00621343,-0.00997609,0.00265709,0.00105291,0.00668617,-0.0162637,0.0197086,-0.00953344,0.00745993,-0.0110797,-0.0014129,-0.00219337,0.00913566,-0.00974341,0.0919048,-0.0574289,0.00169438,0.00641829,-0.00226358,-0.0124307,0.0306819,-0.135595,0.103022,0.0057928,0.00499178,0.0022174,0.0026028,-0.0141058,0.024538,-0.0118732,-0.00398967,-0.0190396,0.7614,-0.00224072,-0.00817071,0.00529887,0.00526159,-0.0393137,0.0261458,-0.0180723,-0.0159024,0.0263268,0.0131556,0.00839852,-0.00297778,-0.00873617,0.0115161,4.79E-06,-0.0105014,-0.0178416,0.00679085,0.164276,-0.162662,0.0111937,-0.000235638,-0.0148046,0.00149034,-0.0596899,155.066,95.4184,364.004,37.2524,15.0784,-0.182782,5.90108,0.0306722,-0.0131933,-0.00161219,-0.00439745,-0.00131594,0.0192457,0.0554777,4.47588,0.011569,-0.0203021,0.00458227,-0.00141608,0.0370762,-0.00794285,-0.0108623,-0.0141322,-0.00407767,0.00803326,0.00208114,0.0187532,-0.035554,0.0182524,0.00723997,-0.00226243,-0.00985154,0.0175558,-0.00261168,-0.00790482,0.00337462,-0.0514589,0.0200131,0.0340666,0.0110153,-0.000336217,0.000313269,-0.00183324,6.38E-05,-2.22E-05,2.00E-05,1.15E-07,-0.00635248,0.0751217,2.28516,44.0103,39.583,79.4449,196.298,10.4404,65.0632,708.696,8.65491,4.52105,25.1865,-0.0757857,624.763,35.5047,2.54356,5.72628,4.83285,5.61056,10.1164,11.3835,111.564,1094.86,26.765,26.4066,47.8133,37.531,66.664,24.7394,54.854,38.914,94.635,183.714,136.843,1732.93,4468.39,2338.38,2687.36,3943.73,2937.24,8066.13,8100.23,6898.48,9293.22,9229.16,8794.83,1016.75,680.297,4597.23,3788.02,1823.35,3872.86,5013.32,863.566,521.634,152.997,558.473,536.732,9.54998,118.165,34.2698,0.674283,0.0791753,0.0714424,-0.0130811,1.67722,16.0763,0.262861,5.16626,-0.0328002,0.00676731,-0.066454,0.0520201,0.0789498,4.95995,21.2263,0.693102,31.5709,10.0723,0.25846,1.18531,-0.0637233,12.1984,96.5275,48.4644,19.8532,24.5595,15.6773,1018.91,27.8708,2.47298,9.81108,-0.111163,0.1091,-0.116659,0.107353,0.0131443,-0.162382,0.129212,2.3585,73.5463,95.6356,7.9085,557.085,570.403,5.71818,10.9018,10.7384,16.8906,0.317875,4.78206,7.09373,16.7808,6.9175,-0.0522338,0.00942733,-0.0199057,0.0164233,0.00249366,0.00570555,-0.00318635,0.0064153,-0.00837006,-0.00275449
C6,G. thoracica,Stingless bee,-0.00447004,-0.00943219,0.015113,-0.0230961,-0.00175794,-0.0162325,0.0299848,-0.000957754,-0.0133144,0.0164026,-0.00545589,0.00314813,-0.0128506,0.00788185,0.00284596,-0.0127852,0.0135232,0.0033272,-0.0131034,0.00158224,0.0119576,0.00368545,-0.0210768,0.015884,-0.000658979,0.00219589,-0.00378426,-0.0264159,0.0309741,-0.00249201,-0.0142404,0.00425006,0.0140655,-0.0156631,-9.11E-05,0.0109814,-0.0120282,-0.177907,0.143653,0.00113823,-0.00663116,0.0046649,0.00224053,0.000516353,-0.00566621,-0.0302689,0.034944,-0.00452878,0.0055174,0.0194617,-0.0349283,0.0195718,-0.00256294,0.00340657,0.00782356,-0.0263366,-0.00365139,0.0137322,-0.00727475,0.00277899,0.00618578,0.00755448,-0.014159,0.061093,10.97,5.37621,29.2644,3.6892,-0.103161,-0.297576,3.14833,0.0611309,-0.00175531,0.00813037,-0.0291952,0.0118438,0.00505209,0.0974982,0.400047,0.068155,0.0227518,-0.00778164,0.00438593,0.0088305,-0.0037305,0.00294427,-0.000427358,0.000146625,1.18E-06,1.25E-13,1.25E-13,1.25E-13,1.25E-13,1.25E-13,1.25E-13,1.25E-13,1.25E-13,1.25E-13,1.25E-13,1.25E-13,1.25E-13,1.25E-13,1.25E-13,1.25E-13,1.25E-13,1.25E-13,1.25E-13,1.25E-13,1.25E-13,1.25E-13,1.25E-13,1.25E-13,0.0236417,-0.00528278,12.218,9.69603,23.1078,131.337,5.07073,45.8617,349.573,11.8317,16.502,51.5445,0.651054,933.714,44.7167,1.69105,8.71536,2.61389,1.95231,3.30165,5.8282,82.5801,535.787,9.80054,10.9378,17.3571,6.12645,12.5142,10.4125,30.3747,27.3118,41.3965,96.089,91.3556,2067.7,5142.8,1321.06,3720.5,3721.04,3680,7891.09,9218.54,5524.24,11135.3,8490.07,8935.82,1132.83,487.515,4280.02,4403.07,1016.15,4626.06,5399.05,497.919,417.958,76.3965,292.519,256.361,-0.00877944,13.096,3.75156,0.051272,0.0744226,0.0704745,2.85351,-0.232943,0.98239,-0.121627,0.0565073,-0.134158,0.0260854,-0.00303079,-0.0280962,0.0541674,0.0158678,0.00608865,1.36568,0.00707627,-0.00652144,0.0406657,-0.0484314,-0.0959257,11.0316,69.1955,26.7419,2.17566,0.0877652,14.499,114.885,591.223,0.0599453,85.0087,24.7285,-0.0261964,0.0419002,0.0129964,-0.00236605,0.0115916,-0.0438143,-0.172776,24.3829,76.8231,34.1175,305.116,514.507,26.1235,52.7053,769.602,46.9439,7.5821,-0.158672,-0.0453183,0.0825644,-0.0541856,0.0498746,-0.0774812,0.00245536,0.0147484,-0.00743644,-0.00292785,-0.0029173,0.00193682,0.008072,0.000950957
C7,H. itama,Stingless bee,0.00166732,0.00133478,0.0123687,-0.0175737,-0.000290706,0.0123481,0.00752023,-0.0118056,0.00918758,-0.0206965,0.00280919,-0.0212242,22.7549,-0.363533,-0.00394766,-0.0567572,0.0672989,-0.00141882,-0.000481757,-0.00971475,0.0110428,0.00815438,-0.00690426,-0.0114785,-0.00400948,0.00512347,0.0135258,-0.00912249,0.00624067,0.00278327,-0.0117247,0.0095503,-0.0065886,0.0216162,-0.0250643,0.0135522,-0.0122995,-0.459826,0.332533,0.014519,-0.00163686,-0.0125928,0.00796168,-0.00772708,0.00580898,-0.142518,0.145804,-0.00552809,-0.00157778,0.0191769,-0.0245945,0.00947855,0.0594382,-0.0752547,0.0185678,-0.0055726,-0.00940675,0.0121874,-0.0137807,-0.00472957,0.262366,29.1223,0.147827,0.0455495,0.00867549,0.0074791,0.00906032,-0.0228504,-0.00326821,0.00529838,-0.0191707,0.0413842,-0.0239796,0.00887614,0.00265958,-0.0163826,0.0132159,0.00825365,-0.000481392,-0.0759396,0.11261,-0.0341824,9.1808,11.8315,-0.0342626,-0.00799607,0.0170834,-0.0108272,-0.00736658,-0.0235979,0.114295,-0.0809903,0.0316,-0.00627475,-0.01594,-0.00209134,-0.00229404,-0.00541825,0.00573961,-2.91E-06,1.16E-14,1.16E-14,1.16E-14,0.000832901,-0.000832901,1.16E-14,-0.000593481,0.000643755,-0.00192116,0.00192116,1.16E-14,0.0353781,0.253137,4.68348,3.64704,1.93252,14.7507,962.248,17.1141,113.677,2116.28,0.842073,-0.648627,22.8453,-0.41573,0.0821297,0.0149495,-0.10449,-0.122616,0.707583,-0.604049,7.8486,89.1905,316.263,3300,20.4767,22.084,59.2931,18.2742,18.0012,37.5631,128.562,8.28192,86.7918,142.52,219.75,704.814,2204.41,3775.55,1512.66,4191.93,2654.06,7286.43,6499.1,7666.45,4013.59,12282.5,5677.31,1876.08,1909.15,5230.71,3285.57,4028.4,2760.17,6203.94,2424.2,445.274,281.164,1579.86,1593.01,0.221281,14.8088,1.53655,1.07953,4.25466,15.1246,1.80834,2.87544,7.68502,14.165,31.2858,234.466,114.349,16.0691,102.941,258.869,16.3704,0.124338,9.83959,0.234007,-0.00434542,0.0202085,-0.00188934,6.82909,3.94257,20.5942,25.702,0.0955176,-0.340825,0.389861,1.2069,236.874,0.119648,-0.198535,0.215901,-0.0511048,0.012488,0.0260231,-0.0149737,-0.0398314,0.0260766,0.0590746,-0.0944989,0.0469985,-0.0718517,1.93304,9.3253,2.93047,24.5695,411.877,48.8287,1.81727,-0.140554,-0.00509075,0.0145557,-0.0167564,0.00825804,-0.00527487,0.00265396,-0.00389461,0.00386275,-0.00452142,0.0147531,-0.0160355,0.0100655,0.00743062
C8,A. dorsata,Honey bee,0.0100798,0.0044755,0.00548934,-0.00361931,-0.0272689,0.00470619,0.00351245,-0.0205506,0.0261333,1.27138,0.153072,-0.155062,0.0885671,0.00293601,0.00966781,-0.00629721,0.0113349,-0.0157428,0.018334,-0.00879995,-0.00826741,0.0377942,-0.0116778,-0.00111523,0.00190781,-0.00211855,-0.00402661,-0.0247343,0.0298784,-0.00110465,-0.00705077,0.00968814,-0.00709594,0.00533532,0.000752098,-0.0113503,0.000495862,0.0121971,0.672532,-0.0001988,-0.00483431,0.0123201,-0.0141472,-0.000875601,0.0101621,-0.0604991,0.0562997,-0.00405515,0.00821966,-0.0232948,0.0170161,0.0187653,-0.0235806,0.027874,-0.0368567,0.00719609,0.00857009,-0.016672,0.0127796,-0.0121688,-0.0316963,0.518217,-0.469373,0.0154833,18.7038,38.0128,81.4118,14.106,0.0800381,0.0119662,-0.0522586,0.954125,0.519865,0.000849491,0.0010953,-0.0111888,0.00505712,0.0181304,0.0238353,-0.0349203,-0.151125,0.167811,-0.011087,0.00912382,-0.00335139,0.026709,0.00968365,-0.0454632,0.0174284,-0.00766261,-0.00448336,0.00748414,-0.00489605,-0.0131758,0.0371218,-0.00978874,-0.0100744,0.01097,0.00270133,-0.00243623,-0.014209,-0.187166,0.105721,0.125423,-0.00996016,-0.0165198,-0.0381418,0.0147618,-0.0210427,0.0087776,0.00576978,0.00587692,0.105925,6.81781,11.4774,18.0102,2.34577,154.286,15.8583,117.444,1960.88,11.6476,0.458562,27.3091,0.0815052,0.0896008,1.36068,-0.189616,-0.0578641,16.7436,2.74581,18.243,14.2929,192.827,3231.45,42.6581,33.8327,37.8294,14.5703,44.7144,23.6268,73.1235,48.8226,78.9078,133.895,235.012,1084.46,3286.3,5058.98,1005.63,4774.04,951.102,7885.82,4909,8889.16,3883.73,12683.1,6605.23,2189.46,933.721,5314.97,3870.53,3807.33,2638.09,5779.2,2394.15,334.248,41.1767,1396.03,1683.68,0.0654554,6.6363,0.35792,2.35E-10,2.35E-10,2.35E-10,2.35E-10,2.35E-10,2.35E-10,0.222962,1.11958,-0.227669,2.35E-10,2.35E-10,2.35E-10,2.35E-10,2.35E-10,2.35E-10,13.8864,-0.46935,2.35E-10,0.0220131,-0.0220131,2.35E-10,2.35E-10,2.35E-10,2.35E-10,0.149068,4.24253,0.0712155,0.0311172,12.4005,0.129485,-0.00177632,0.15158,-0.0678198,0.0756337,-0.0130484,-0.000296017,2.35E-10,-0.0166193,0.16572,4.78716,10.9791,10.9037,22.4168,39.1801,18.6107,99.2872,1051.8,74.4361,15.9783,4.28864,3.34091,36.6754,29.9226,-0.0512681,0.0467701,2.32E-10,2.32E-10,2.32E-10,2.32E-10,2.32E-10,2.32E-10,2.32E-10,2.32E-10
C9,A. dorsata,Honey bee,-0.00286988,0.01035,-0.00481076,0.010875,-0.0124723,-0.00715611,0.00908703,-0.000316902,0.00559373,-0.00394574,-0.000471534,-0.0317868,0.0374807,0.00328322,-0.000230287,-0.0200047,0.00906881,0.0124161,-0.00860591,-0.00803163,0.00400807,0.0125574,-0.0133159,0.0183742,-0.00708461,0.00433004,-0.00930513,-0.00753003,0.00360158,0.00453413,-0.0015398,-0.00775397,0.00203114,-0.00092827,0.0234731,-0.0138776,0.0166888,-0.000886912,-0.018352,0.00732561,-0.0065294,0.00298207,-0.000263456,-0.0308374,0.0152454,-0.00587054,0.0607091,-0.040113,-0.0101493,0.0448505,1.14743,0.0192032,1.07236,0.199169,0.0300244,-0.00970867,0.0218602,0.235767,1.25071,0.00454054,-0.0160171,0.353125,0.0297399,0.00953022,14.8704,14.4503,43.8258,4.27127,0.0135875,0.162027,14.3003,0.547689,2.32788,0.00992711,0.00506137,0.000277131,0.0103032,-0.00130034,11.3103,1.60671,-0.0341428,0.0113312,-0.0110236,0.0302994,-0.0029561,0.0397943,-0.0129945,-0.0269658,-0.0705699,0.0684918,-0.0281804,3.25238,0.271565,-0.00813962,0.00964496,0.0228299,-0.0228548,0.0108105,-0.00332769,0.010067,-0.0202879,-0.0145477,-0.0150099,0.0347372,-0.00626423,0.00740595,-0.0115296,0.00340254,0.000303365,-0.010202,-0.00400179,0.679483,1.61859,8.96086,166.367,199.048,18.0931,103.733,16.5855,105.33,2014.68,5.33732,0.384866,18.1694,0.211087,9.27691,19.7669,-0.178466,0.547818,2.81333,1.65926,21.2601,24.8841,170.419,3346.04,45.3451,27.6727,35.8338,17.9205,23.4939,27.8072,70.8484,50.0394,74.8646,451.029,290.067,834.131,3018.01,5049.81,981.021,4511.49,847.546,7985.69,5372.18,9849.89,3676.8,12362.3,6932.46,1446.51,845.193,4595.02,4096.92,4071.63,2907.06,5887.17,2514.82,330.856,47.4036,1472.72,1728.17,0.0254608,14.6277,0.961156,-0.0162806,0.00369264,6.64E-12,6.64E-12,6.64E-12,6.64E-12,0.000268618,0.585464,1.54242,13.8485,-0.0153988,6.58E-12,5.62423,17.4506,33.6241,23.192,68.6777,20.0454,0.0344225,-0.00107639,0.000153609,0.0109254,12.8173,13.6084,14.5591,18.2861,5.08484,5.82376,14.5154,1.10537,0.0608535,2.18746,13.9078,2.49104,7.3123,0.884496,-0.051196,-0.152647,8.40328,102.934,0.0715231,0.0442894,7.68975,10.3056,2.85246,3.24911,184.845,8.51708,0.745379,5.68414,13.6399,38.9192,34.5312,-0.116199,-0.000560139,7.16E-12,7.16E-12,7.16E-12,7.16E-12,7.16E-12,7.16E-12,7.16E-12,7.16E-12
C10,A. dorsata,Honey bee,-0.00293378,0.0173994,-0.00684409,0.00273678,-0.0157838,0.0150271,-0.0010488,-0.0101807,0.00564227,-0.00725783,0.0211959,-0.0528349,0.0314615,0.00673258,0.00816784,-0.0129899,0.00777286,-0.000238387,-0.00562522,0.0105939,-0.0227274,0.0130443,0.0124523,-0.00878092,0.00837307,-0.00535007,0.00804744,-0.0272666,0.0191,0.000652556,0.00275597,0.00954273,-0.0163445,-0.000567243,-0.000848724,-0.000748957,-0.00286676,0.00591918,-0.0232781,0.00385164,-0.00205586,0.00657831,-0.00617997,-0.015128,0.00947308,-0.0102589,0.021874,0.0025419,-0.0146397,-0.000568283,-0.000602509,0.0214441,-0.0165386,0.00686416,-0.0208209,0.008355,0.00415106,-0.0190301,0.0383966,-0.0140906,-0.0144264,0.40385,0.0280552,0.0143787,0.693155,0.300978,2.22662,-0.118975,0.00347353,-0.00636091,-0.010162,0.0111299,0.00158615,-0.00207476,0.00911709,-0.0025189,0.0142957,-0.00884432,0.0112279,-0.0264041,-0.0689266,0.0722707,0.0127654,-0.000372298,0.0293159,-0.0119354,-0.00580252,-0.00032494,-0.00989245,0.00426271,-0.0357306,0.0733671,-0.0486297,0.00104097,0.010732,0.00736357,-0.00171193,-0.00267389,0.0299329,-0.0248527,0.0259548,-0.0428941,-0.013936,0.0376359,-0.00871027,-0.00755918,-0.01561,0.0144644,-0.00168456,-0.00181733,-0.0343341,1.10904,2.93124,10.3748,392.857,438.647,20.1249,108.501,17.0115,108.83,1933.61,6.18807,1.67771,34.4353,-0.074223,36.4986,35.905,0.133786,-0.0656322,4.95829,1.59594,20.2301,22.3298,175.877,3201.5,35.171,24.2058,33.4584,15.609,31.9219,23.3423,52.5898,47.8993,68.2141,861.019,283.365,744.74,2532.51,4887.36,888.454,4018.21,886.06,7508.13,6239.45,10603.3,3993.36,11516.4,7166.39,1762.67,802.598,4063.39,4421.11,4054.21,3137.07,5771.44,2399.97,319.054,33.5185,1458.4,1593.86,0.0664302,5.30937,-0.328142,-1.51E-10,-1.51E-10,-1.51E-10,-1.51E-10,-1.51E-10,-1.51E-10,-1.51E-10,-1.51E-10,4.0661,7.36377,0.00220123,-1.51E-10,7.331,6.05139,0.00660898,0.48763,11.6291,-0.0701319,0.000298432,-1.51E-10,-1.51E-10,-1.51E-10,-0.00387447,0.00387447,-0.00316121,0.00316121,-1.51E-10,0.0135664,11.3556,0.0287076,-1.51E-10,-1.51E-10,-1.51E-10,-1.51E-10,-1.51E-10,-1.51E-10,-1.51E-10,-1.51E-10,-0.20631,2.2451,1.1065,0.680983,2.6287,24.9444,5.51877,37.729,552.546,54.6816,7.12057,-0.363663,0.0097509,0.948705,1.46166,-0.0345123,0.0356507,-1.51E-10,-1.51E-10,-1.51E-10,-1.51E-10,-1.51E-10,-1.51E-10,-1.51E-10,-1.51E-10
C11,A. cerana,Honey bee,0.00836066,-0.00537599,0.0056139,0.00895334,-0.00513783,0.00186956,-0.00247173,-0.010262,0.00491962,0.00757467,-0.0101986,0.00136077,0.0446859,-0.0460374,0.00429875,0.000257123,0.00247248,-0.00400012,0.00607808,-0.0029301,-0.000942171,0.00565607,-0.00161443,-0.00864156,0.0106237,0.00265457,-0.014832,-0.00289322,0.00107628,0.00734047,-0.00412271,-0.00347164,0.0062563,-0.00544538,0.00398115,-0.000986055,0.00460247,0.224153,-0.351818,0.00772687,-0.0145578,0.0177591,-0.00451398,-0.0102728,0.00847718,-0.0531978,0.0541197,-0.00397063,-0.000978648,-0.0118543,0.00405373,0.00443539,0.0016509,-0.00740002,0.00914471,0.00113587,0.00401944,-1.14E-05,-0.0112174,-0.00197985,0.0185298,-0.0215251,0.00977259,-0.00326061,0.0487797,0.0259522,0.111195,-0.160664,0.0160218,-0.024669,0.00471732,0.0140365,-0.00755067,0.00840087,-0.00152337,-0.00708519,0.00400236,0.00112266,-0.000413928,-0.0244492,0.00740321,-0.010996,-0.0577567,0.0681633,0.0104664,-0.00455253,0.0862515,-0.089921,0.0137745,-0.0112768,-0.0333952,0.0519651,-0.0196871,-0.0185651,0.0100517,-0.000686779,-0.00639291,0.0239908,-0.0233854,0.0190357,-0.00260399,-0.00434362,-0.0100161,0.00840519,-0.010432,0.00544508,-0.00146543,0.0159397,-0.00202818,0.00684659,-0.0125953,-0.0203256,0.144412,7.19287,22.4805,46.3285,0.505441,147.51,9.69957,109.81,2045.12,16.3722,-0.767571,20.3648,0.0500469,0.202306,1.29643,0.0557784,0.122568,1.78799,1.25336,17.6568,-0.408525,180.44,3386.87,47.0242,32.9072,50.413,5.91719,5.38629,-0.472673,38.9139,50.6724,2.08708,119.28,116.594,638.444,3381.99,5306.23,965.118,5017.05,685.284,8576.91,4555.64,9842.48,3131.27,13419.1,6682.66,1436.23,923.773,4472.27,5075.95,3970.34,2779.58,6147.06,2577.06,267.381,34.2018,1437.74,1741.2,0.0234403,-0.100154,0.0794929,-9.15E-11,-9.15E-11,-9.15E-11,-9.15E-11,-9.15E-11,-9.15E-11,-9.15E-11,-9.15E-11,-0.0153471,38.7227,1.14469,-9.15E-11,-9.15E-11,-9.15E-11,-9.15E-11,-0.514165,8.77069,30.5414,0.309138,-9.17E-11,-9.17E-11,-9.17E-11,-9.17E-11,0.127027,-0.127027,-0.0372786,0.030838,0.0172253,2.05519,0.0364139,-9.17E-11,-9.17E-11,-9.17E-11,-9.17E-11,-9.17E-11,-9.17E-11,-9.17E-11,-9.17E-11,-9.17E-11,-9.17E-11,-9.17E-11,-9.17E-11,-0.752981,8.9555,-0.112362,-0.0399451,0.121585,0.74581,-0.808692,-9.17E-11,-9.17E-11,-9.17E-11,-9.17E-11,-9.17E-11,-9.17E-11,-9.17E-11,-9.17E-11,-9.17E-11,-9.17E-11,-9.17E-11,-9.17E-11,-9.17E-11,-9.17E-11
C12,H. itama,Stingless bee,0.0119301,-0.0164413,0.00877719,-0.00771091,0.0199683,-0.0114394,0.00624277,-0.000861273,0.0022502,0.00243605,0.00236539,-0.0241737,0.172217,-0.164937,-0.0118851,0.000446749,0.000153238,0.00963476,-0.00511703,0.00191513,0.00615744,-0.00789723,-0.00550517,0.00647957,0.00129487,-0.00264441,0.000204239,-0.00107093,-0.00113344,-0.00859353,0.0166423,-0.00609095,0.00419116,-0.0041991,0.00836662,0.000115334,-0.00856516,-0.00889581,0.664604,-0.00617619,-0.0201352,0.0133012,-0.0012002,-0.00220812,0.00584106,-0.0695944,0.0489832,0.0153432,-0.00830977,0.0212058,-0.00849204,-0.0102399,0.00954501,-0.00713086,-0.00309921,0.00279386,0.00930709,-0.00828836,0.0049391,-0.0156425,0.077299,1.06516,0.107884,0.0047482,0.0438639,-0.0868645,0.102541,-0.0616579,-0.0119708,0.00453675,0.00794846,-0.010173,-0.000875736,-0.00361943,0.005579,0.00418873,0.00458221,-0.00487744,-0.0029988,-0.00959765,0.0103219,-0.00505531,-0.212659,1.70786,-0.00392592,0.0101798,-0.00939874,0.00517745,0.00536266,-0.0161812,0.00944866,-0.00372032,0.0225018,-0.0230088,0.00388747,0.00270078,-0.00169771,0.00739014,0.000201505,0.00509902,-0.00524076,-0.00568747,-0.0142981,0.0105693,0.0263472,-0.015528,-0.00591572,0.00190802,0.00139068,-0.00309529,-0.0134664,0.0149866,0.128151,6.02202,14.838,22.5757,1.64077,117.46,2.65017,126.825,1877.05,11.7427,-0.263014,15.5133,0.00577928,0.68948,5.22469,-0.202516,0.119162,1.46176,-0.486933,23.3598,40.5211,250.351,3108.68,44.9869,30.141,33.4951,1.7689,16.8031,6.24562,30.8799,32.5756,56.0861,157.368,246.914,934.739,3345.56,5611.43,1075.36,5333.35,1052.29,8201.72,4745.39,9502.71,3207.91,13439.4,6792.75,1225.24,1026.47,5690.68,4140.33,3790.24,2552.35,5559.77,2251.44,292.405,22.8863,1450,1503.2,0.0229364,0.0941979,-0.101829,-7.58E-11,-7.58E-11,-7.58E-11,-7.58E-11,-7.58E-11,-7.58E-11,-7.58E-11,-7.58E-11,0.0500341,-0.0518256,-7.58E-11,-7.58E-11,0.0612547,-0.0639264,-7.58E-11,0.0824928,-0.0873655,-7.58E-11,-7.58E-11,-0.00282635,0.00282635,3.08112,31.1591,34.5842,0.0943199,0.0679592,0.998796,0.562295,497.333,-0.145606,0.197385,-0.20778,-7.61E-11,-7.61E-11,-7.61E-11,-7.61E-11,-7.61E-11,-7.61E-11,-7.61E-11,-7.61E-11,-7.61E-11,-7.61E-11,-0.601885,0.80862,0.00767296,0.0368108,-0.0761741,3.91199,-0.908968,-7.61E-11,-7.61E-11,-7.61E-11,-7.61E-11,-7.61E-11,-7.61E-11,-7.61E-11,-7.61E-11,-7.61E-11,-7.61E-11,-7.61E-11,-7.61E-11,-7.61E-11,-7.61E-11
C13,A. dorsata,Honey bee,-0.00933002,-0.00338806,0.0136971,-0.0163543,0.0053471,-0.00957703,0.000188453,0.0193099,-0.00977016,-0.00917678,0.00529141,-0.00510914,8.60721,0.13157,-0.00687067,-0.0197311,0.0327317,-0.0147593,0.0191848,-0.0274015,0.0176801,-0.00508022,0.000201797,-0.00574124,0.0067501,0.00223602,0.00183016,-0.00536574,0.00947613,0.00541212,-0.00551004,-0.00290053,-0.00529163,0.00547851,6.75E-05,-0.00374855,-0.00914674,0.0138935,0.302299,-0.00329963,0.00990616,-0.0124882,5.67E-05,-0.00725675,0.00765273,-0.0428464,0.045633,0.0100883,-0.060196,0.0136806,0.0103893,0.00747771,0.0135607,-0.0218126,0.0122981,0.0112496,-0.0200082,0.00898769,0.00200539,-0.0137458,0.0527885,11.8428,0.0520759,-0.0219209,0.0100207,-0.0130047,0.0103487,-0.0366787,0.0217425,0.0393797,-0.0364653,0.00032754,-0.00765547,0.00694591,-0.00384416,-0.00104866,-0.0137514,0.0215313,-0.00133796,0.0147889,-0.0311987,-0.034176,1.09691,9.91482,0.0221452,-0.0013385,0.0566484,0.362802,-0.00183647,0.0214858,-0.0145432,0.00301184,-0.00959248,-0.00533684,0.00733382,0.0186961,-0.00203246,-0.0159609,0.00688502,-0.0156789,0.00398984,0.0100768,-0.005239,-0.0252032,0.0218611,-0.00572463,0.0148051,-0.0151022,0.0191926,-0.0175744,6.36E-05,0.0111992,0.0633826,7.45531,21.4368,41.2006,1.09225,18.9422,-0.0565447,83.5557,2100.29,2.68412,0.620282,13.1906,0.0399959,0.466478,11.5632,-0.0702511,0.492139,0.759777,-0.0226452,23.0563,67.1041,164.145,3498.26,42.7515,31.4449,44.5022,24.5783,40.1406,33.7058,74.3917,50.4555,99.3725,215.69,368.428,809.885,2717.16,4442.41,1113.35,4426.02,1059.66,8024.19,5271,8622.87,3174.93,12293,6087.98,1145.49,775.36,3769.67,4677.74,4581.28,3788.27,6281.95,2642.79,296.069,9.78276,1636.94,1723.44,0.0724381,4.47283,-0.0219642,-3.48E-11,-3.48E-11,-3.48E-11,-3.48E-11,-3.48E-11,-3.48E-11,-3.48E-11,-3.48E-11,4.74567,7.74013,0.00474483,-3.48E-11,9.91794,7.27957,0.0286671,-3.48E-11,-3.48E-11,-3.48E-11,-3.48E-11,-3.48E-11,-0.000571416,0.000571416,-0.031098,1.30867,-0.243707,-3.48E-11,-3.48E-11,0.00421375,1.95003,0.0179209,-3.48E-11,-3.48E-11,-3.48E-11,-3.48E-11,-3.48E-11,-3.48E-11,-3.48E-11,-3.48E-11,-3.48E-11,-3.48E-11,-3.48E-11,-3.48E-11,-0.0395073,1.89028,-0.00826817,23.2038,52.2909,2845.05,180.233,0.0504813,9.56597,-3.47E-11,-3.47E-11,-3.47E-11,-3.47E-11,-3.47E-11,-3.47E-11,-3.47E-11,-3.47E-11,-3.47E-11,-3.47E-11,-3.47E-11,-3.47E-11
C14,A. dorsata,Honey bee,0.00607573,-0.00149067,-0.00974023,0.0052009,0.00409027,0.00969178,-0.0154239,0.00362999,0.00332277,-0.0169696,0.0261899,-0.0538889,17.0618,0.193199,0.000783086,-0.0415205,0.037707,-0.00129916,-0.00306543,0.00297989,0.00508525,-0.00174614,0.009969,-0.014358,0.0217883,-0.0140444,8.43E-07,-0.012703,0.0116698,-0.00300992,-0.00871201,0.0110917,-0.00526223,0.00191993,-0.000686445,-0.00435101,-0.00159594,-0.03395,1.06364,-0.011639,0.00555586,0.000709848,0.000594469,-0.0088113,0.00468062,-0.0736456,0.0734971,0.0041096,-0.00970564,-0.00351213,0.0121308,0.00663839,0.015598,-0.0407014,0.00295725,0.00424491,0.00322791,-0.00268774,-0.0197341,0.00785058,0.0360454,24.8863,0.457385,-0.0526028,0.0337393,-0.0353622,0.0104598,-0.00411513,0.00225431,0.00895905,-0.0174308,-0.00425432,-0.0105751,0.00914186,0.0091979,0.00380544,-0.013648,0.00908414,0.00111507,0.017265,-0.0172475,-0.0950244,3.02115,20.3898,0.00599881,0.0304423,0.0301942,-0.0460648,-0.0259688,0.0936394,-0.0571357,0.00471051,-0.0182478,-0.0429299,0.0326065,0.0779135,0.00125027,-0.0433671,-0.0153243,-0.0310803,0.0247104,0.0200967,-0.0123929,-0.0336014,0.0243437,0.00426196,0.00825013,0.010296,0.00107779,0.0109297,-0.0130562,0.0443396,0.068634,10.7898,10.802,29.8928,2.21161,28.5583,1.26533,111.022,2047.09,4.05248,-0.329079,14.1803,1.4919,0.841823,3.09906,-0.0532195,2.24697,3.74926,0.0632632,23.6694,115.514,172.142,3444.35,29.1416,16.7926,43.6945,24.7594,46.2895,50.1982,144.892,71.9557,188.056,286.005,577.246,970.19,2487.94,4177.69,1476.21,4324.25,1468.98,7847.45,5687.66,7966.87,3564.87,12039,5860.37,1206.04,836.289,3276.68,4766.52,4571.14,3837.25,6195.64,2512.51,291.013,5.71476,1575.7,1638.78,0.0198262,-0.100776,0.0708017,-3.12E-10,-3.12E-10,-3.12E-10,-3.12E-10,-3.12E-10,-3.12E-10,-3.12E-10,-3.12E-10,4.95804,7.89216,0.0161262,-3.12E-10,6.33667,14.0356,0.0491815,-3.12E-10,-3.12E-10,-3.12E-10,-3.12E-10,-3.12E-10,-3.12E-10,-3.12E-10,-3.12E-10,1.12933,0.0197838,-3.12E-10,-3.12E-10,0.00420016,0.401564,0.0466479,-3.12E-10,-3.12E-10,-3.12E-10,-3.12E-10,-3.12E-10,-3.12E-10,-3.12E-10,-3.12E-10,-3.12E-10,-3.12E-10,-3.12E-10,-3.12E-10,-0.03384,0.0506143,0.0209029,23.8174,80.1154,3138.38,119.492,0.904003,8.13005,-3.17E-10,-3.17E-10,-3.17E-10,-3.17E-10,-3.17E-10,-3.17E-10,-3.17E-10,-3.17E-10,-3.17E-10,-3.17E-10,-3.17E-10,-3.17E-10
C15,A.cerana,Honey bee,-0.000508645,-0.00503986,-0.00709443,0.00694714,-0.00811393,0.00670451,0.00528674,0.00106341,0.00021783,-0.0133189,0.0173954,-0.0450838,0.0349482,-0.00699545,0.00395409,0.00555885,-0.00405467,-0.000485725,-0.00730186,0.00450983,-0.00116478,0.00385958,0.00890609,-0.00368587,-0.00418033,-0.00215704,0.000270454,-0.0112415,0.0071108,0.00165213,0.00925537,0.00671781,-0.016984,0.0147863,0.00310557,-0.0197633,0.00831589,0.0207752,-0.0292398,-0.00464263,0.0164044,-0.0209277,-0.0107049,0.00335584,0.0019452,-0.0217621,0.0351332,0.0403191,-0.0322692,-0.000107783,0.014414,0.00477393,-0.0398167,0.0155284,0.0144937,-0.0138679,0.0107961,-0.0522123,0.0606841,-0.0176661,-0.0219848,0.218607,0.017108,-0.00444617,1.54886,5.16904,11.9872,2.13118,0.00149605,0.0138825,-0.0370244,-0.0781736,0.438236,-0.0100634,0.00790417,0.000167123,0.00534587,0.00717997,0.520753,-0.0588559,-0.0381139,0.0461759,-0.0171279,0.00752075,-0.000849079,0.0402871,-0.0108522,-0.0297833,-0.00339998,-0.000898915,-0.0111394,0.0241594,-0.0076791,-0.00956847,0.0165873,0.00219547,0.00443234,-0.0101774,0.0194832,-0.0352563,0.016519,-0.00581015,-0.026921,0.0489962,-0.0171753,0.00376951,-0.0414913,0.037247,-0.00565069,-0.00157545,-0.00107536,0.0449218,0.130742,8.0448,84.2989,106.369,12.7808,124.949,14.3821,100.529,2062.72,7.287,0.918296,17.502,-0.000108897,37.8698,35.9058,0.29957,-0.0286943,2.9896,1.54226,18.6801,20.2448,175.288,3391.01,42.589,25.4906,30.8727,7.1327,17.904,13.598,41.3725,47.2532,45.7084,256.163,249.253,807.554,3094.4,5015.8,950.869,4615.47,720.002,8069.35,5046.91,9552.61,3643.54,12744.8,6837.83,1626.2,1014.33,4879.68,4133.41,4156.21,2844.94,6041.39,2612.63,374.971,75.5252,1590.29,1686.92,5.93862,19.0741,0.231423,0.000892774,1.49E-11,1.49E-11,-0.00368599,0.00368599,1.49E-11,0.000172972,0.101342,0.429963,26.6116,1.69695,-0.00323117,0.752278,4.91623,7.7344,17.0351,34.3262,24.2471,0.90287,-0.0498496,0.0897435,0.762216,1.65642,3.04007,7.43597,2.60753,6.36547,0.833967,8.36813,0.722776,0.397592,1.5087,2.16779,-0.0598785,-0.0435077,0.00759532,-0.00165794,-0.0940007,2.41004,16.5697,2.23861,1.60496,5.98454,16.4741,3.89009,22.6168,118.511,27.4888,5.652,3.87237,5.11794,13.1371,10.7384,-0.0995407,0.285271,-0.0149429,-0.00143475,1.50E-11,1.50E-11,-0.000235519,0.000189075,5.84E-05,0.000156078
C16,Apis sp.,Honey bee,-0.00386177,0.0061,-0.00882285,0.014716,-0.0067484,0.000500766,0.00571188,-0.0111446,-0.00370429,0.00172587,0.000947858,-0.00759615,7.41142,0.122442,0.0156835,-0.031368,0.0201497,-8.03E-06,0.00685766,-0.0104777,-0.000342884,-0.00241481,0.00589694,0.00152308,0.00408182,-0.018564,0.0152598,0.00177944,0.00020746,-0.00601334,0.00639662,-0.0116587,0.0128621,0.00130833,-0.00749838,-0.00871104,0.0177229,0.012664,0.48954,0.0109769,-0.00234786,0.00507865,0.00164307,-0.00190957,-0.000313033,-0.0356864,0.034334,-0.00213916,-0.0106895,0.0147981,-0.00322913,0.00542482,0.01334,-0.0167918,-0.00390936,0.00433989,-0.00157423,0.0152651,-0.0236488,0.0104498,-0.00648051,11.2224,-0.0151833,-0.011459,0.00317721,-0.0172319,0.00331269,-0.0157132,0.0170775,0.0135479,-0.0250476,0.00288968,0.0025863,0.00992641,-0.0142297,0.0163012,-0.0169207,0.0143205,-0.00975603,0.00995072,-0.0159939,-0.0400334,1.26218,8.76936,0.0174175,-0.00218687,0.017174,-0.0230519,-0.00417694,0.0201752,-0.0117241,0.00981018,-0.0238242,0.00444984,0.00462937,0.0234973,0.00730727,-0.0233982,0.0013921,-0.00644039,0.013735,-0.0117409,0.0131248,-0.0240483,0.0269779,-0.0132882,-0.00212128,0.00813496,0.00576793,-0.00476486,-0.0159887,0.0226008,0.0607555,9.11043,9.70994,25.3883,2.29355,23.4695,0.915442,83.064,2105.05,1.21666,0.287684,12.6364,0.479008,6.22906,17.7139,-0.220841,0.101334,1.42438,-0.00292427,18.2301,56.4655,143.977,3523.08,31.8089,17.0116,30.5078,8.00379,21.3304,11.478,62.0364,20.8315,74.1034,157.689,338.503,723.335,2679.79,4355.63,1142.33,4424.65,1021.98,8034.47,5113.04,8577.69,3159.14,12329.6,6188.19,1236.07,792.467,3675.96,4760.14,4596.56,3821.2,6344.13,2788.98,343.789,48.7171,1611.98,1815.13,3.83059,21.0461,0.455183,0.0560656,1.49591,-0.0919797,0.00871237,0.0889721,1.12913,-0.134423,3.51929,10.6243,18.9803,2.28368,0.165464,22.3663,18.5257,-0.0390855,-0.0228527,0.0831434,-0.0120771,0.173244,-0.00715298,0.324851,-0.00358001,-0.0571077,2.1189,0.189004,-0.00620921,0.00293781,0.00534385,1.45883,0.00644652,1.33E-10,1.33E-10,1.33E-10,1.33E-10,1.33E-10,1.33E-10,1.33E-10,1.33E-10,1.33E-10,1.33E-10,1.33E-10,1.33E-10,-0.0295067,0.0282798,0.00683786,11.6728,29.4286,2751.19,277.445,8.44565,16.3496,0.00240552,0.00437216,-0.00898339,-0.00185805,-0.000168434,0.00655258,-0.00150459,0.00365203,0.00511461,-0.00557847,-0.0234425,0.0241889
C17,Apis sp.,Honey bee,0.00736414,-0.0149536,0.00754462,9.05E-05,0.0067168,-0.015632,0.00822612,-0.000252483,0.00392641,-0.0117641,0.0127347,-0.0440134,16.1609,-0.029098,-0.0050166,-0.0400938,0.0526187,-0.0139498,-0.00295254,0.00773868,0.0121052,-0.00621513,0.00228126,0.0032084,0.00473706,-0.00823821,0.0120453,-0.0105601,0.00565858,-0.00893097,0.000679366,0.000802794,-0.000408224,0.00623554,-0.00379543,-0.00402976,0.0163878,-0.0401998,0.33889,0.00745433,0.0117494,-0.0141859,0.000695288,0.00416981,-0.0106557,-0.0914826,0.0927873,0.0132191,0.00258902,-0.0107687,0.00813301,0.001412,0.00370906,-0.03034,0.00472136,0.0214674,-0.0191422,0.0268344,-0.0281196,0.0152237,-0.0428656,23.9614,0.272445,-0.0407119,0.0392735,-0.0221277,-0.00482766,0.00519742,-0.0119372,0.0312628,-0.0278402,-0.00838843,-0.00426182,0.0267337,0.00634031,-0.0274818,0.000547302,0.0227553,-0.0161053,0.0373473,-0.0249123,-0.0924278,3.5782,18.8761,0.0333579,0.0123498,0.0339584,-0.0313619,-0.0146926,0.0771094,-0.0797264,0.011253,0.000163993,-0.0321912,0.0127501,0.108524,-0.035146,-0.0486462,0.00481003,-0.0303447,0.00243959,0.0288035,0.000833838,-0.05929,0.0487949,-0.00411288,0.00320012,-0.0041368,0.0103554,-0.0100803,-0.0213624,0.0587067,0.125073,12.3907,11.6144,32.193,1.91159,28.9039,2.38128,118.3,2031.91,6.98509,-0.439431,14.3858,1.51995,0.362634,3.55432,-0.329612,1.90989,2.40668,0.106016,24.2534,108.516,173.825,3410.66,37.6627,22.4442,45.0357,23.5355,43.3923,41.9988,135.179,60.2308,174.047,277.791,600.69,939.668,2422.65,4042.39,1479.25,4254.28,1480.42,7697.85,5676.1,7938.19,3607.92,11920.9,5933.29,1289.16,862.083,3326.91,4621.49,4616.21,3890,6204.31,2580.23,348.456,36.8986,1648.41,1627.32,0.180982,8.72526,0.682781,-2.45E-10,-2.45E-10,-2.45E-10,-2.45E-10,-2.45E-10,-2.45E-10,8.87E-05,-0.00180057,7.46472,12.0449,0.140958,0.0311998,14.8872,15.2842,0.0461675,0.00546633,-2.45E-10,-2.45E-10,0.17091,-0.120378,-0.0145708,0.00977598,-0.0011967,2.67562,0.0209302,-2.45E-10,-2.45E-10,0.00572888,0.61408,0.0124848,-2.45E-10,-2.45E-10,-2.45E-10,-2.45E-10,-2.45E-10,-2.45E-10,-2.45E-10,0.00063101,-0.000895281,0.00026427,1.29E-05,0.00310133,-0.16556,1.15881,0.0823748,17.8179,69.0933,3268.26,182.558,6.39725,15.4977,0.00397788,-2.51E-10,-2.51E-10,-2.51E-10,-2.51E-10,-2.51E-10,-2.51E-10,-2.51E-10,-2.51E-10,-2.51E-10,-2.51E-10,-2.51E-10
C18,A.mellifera,Honey bee,0.00903177,-0.000369107,0.000774987,-0.00573091,0.00298556,-0.00183286,0.00769968,0.00154204,-0.00486723,-0.0136301,0.000783108,0.0132554,0.0433753,-0.0491452,-0.00110785,0.00328792,-0.00415681,0.0102473,0.00172776,-0.0123267,-0.00205049,0.0103167,0.0119019,-0.00544363,-0.00289329,-0.00456499,-0.0106383,-0.00232401,0.0064344,0.00432868,0.00193033,-0.00370971,-0.0049247,0.000346218,0.0121116,-0.0147313,0.0119566,0.101919,1.09921,0.0010655,0.00841675,-0.0037923,-0.00274386,-0.0107206,0.0080741,-0.0320148,0.0242119,0.0427838,-0.031886,-0.0177135,-0.00720862,0.032726,-0.0382246,0.00649794,0.0136973,-0.00249794,0.00936298,0.00113724,-0.0089231,-0.00507476,-0.0047952,0.00540062,-0.000443062,-0.00388682,-0.128662,-0.329674,34.993,59.4807,17.2206,29.3408,0.0766295,0.0124536,0.00909151,0.0102985,0.0206806,-0.0738261,-0.610635,21.0462,0.0540962,-0.0547714,0.029012,-0.021323,-0.0436719,0.0449257,0.0150085,0.0354598,-0.0349068,-0.00338126,0.0441416,-0.0430218,-0.00792873,0.0112841,-0.0169799,0.010282,-0.00832161,0.0195494,-0.0179066,0.000316827,0.00857893,0.00243186,0.0285923,-0.048245,-0.0111931,0.0454708,-0.0439927,0.0247128,-0.00319968,0.00200738,0.00233471,0.00509675,-0.00740201,-0.0125104,0.124255,13.0903,42.3118,44.6737,19.0059,166.833,24.9563,131.597,1968.35,19.4989,0.714942,30.3271,0.0902458,1.39663,1.87968,-0.0444227,0.0323982,8.08766,5.3168,16.4467,13.4746,192.51,3266.28,36.8657,23.4487,29.0364,-0.392577,20.1182,5.37963,62.1846,42.184,14.0059,127.163,141.618,704.607,3351.19,5285.51,1018.54,4999.69,701.646,8409.96,4662.06,9680.42,3353.4,13300.4,6751.82,1470.48,900.282,4416.97,5164.68,3817.18,2810.79,6079.86,2568.55,294.481,49.5397,1393.88,1734.36,0.201732,16.9778,7.90268,1.43573,-0.2782,-2.17E-10,-2.17E-10,0.212011,10.9307,6.59788,0.554598,-2.17E-10,-2.17E-10,-2.17E-10,-2.17E-10,-2.17E-10,-2.17E-10,-2.17E-10,-0.584269,0.611709,-0.196864,0.118365,-0.117272,-0.244588,0.00616938,1.05979,0.18483,1.33151,1.9084,11.1027,-0.14976,1.06831,0.095707,-2.17E-10,-2.17E-10,-2.17E-10,-2.17E-10,-2.17E-10,-2.17E-10,-2.17E-10,0.0785972,-0.129357,0.0525553,-0.00148917,0.00669149,2.1914,6.40761,-0.0453763,0.172951,3.04256,-0.184147,-0.249752,0.0140103,-0.00930214,-0.0250174,0.0289016,-0.00838249,-0.00198813,0.00177827,-2.17E-10,-2.17E-10,-2.17E-10,-2.17E-10,-2.17E-10,-2.17E-10,-2.17E-10
C19,A. mellifera,Honey bee,0.00535183,-0.0101674,0.0055629,-0.000176768,0.0061177,-0.0083806,-0.000757026,0.00297975,-0.00857436,0.00977726,-0.0132415,-0.00252177,0.0397077,-0.0302999,-0.0105883,0.00757134,-0.0168012,0.0202865,-0.00201747,-2.84E-06,-0.00550864,0.0238172,-0.00417347,-0.000954515,-0.00734994,0.00852657,0.00249559,-0.0228129,0.01302,-0.00109077,0.00655675,-0.00752401,-0.0078903,0.0100374,0.0155523,-0.0301162,0.0179376,0.173251,2.40389,-0.00539831,0.00222699,0.00396739,-0.011727,-0.00362151,0.0101755,-0.0334378,0.0359782,0.0215332,-0.0256931,-0.00236383,-0.000722834,0.00479722,-0.00668735,-0.00573121,0.00989091,-0.00938848,0.0123219,-0.00296222,-0.00943657,0.0142642,-0.00326728,-0.0218249,0.0201531,0.0170469,-0.319078,0.0569251,2.00316,15.5157,-0.15826,0.314563,0.0242142,-0.00688948,-0.0016346,0.0159779,0.0168892,-0.0159984,-0.318808,0.296996,0.0206863,-0.00692279,-0.00168076,0.00676635,-0.0744547,0.0691316,0.000719796,0.0221074,-0.00478177,-0.0203623,0.0321461,-0.0163321,-0.00586644,-0.000152996,-0.00281045,0.00192852,-0.00757539,-0.000847678,0.0100619,-0.00514948,0.0139421,0.0201145,0.181115,-0.277802,0.0178195,0.0285142,-0.0343129,0.017299,0.00764424,-0.164064,0.167444,-0.00757624,0.000854338,0.00139966,0.147909,5.9495,65.3944,71.5392,20.0168,248.652,59.2673,210.717,1809.04,35.322,0.0896215,55.3475,0.204643,10.5272,-1.16468,0.205065,0.00420139,15.0341,6.32412,13.4438,2.27092,206.233,2938.3,22.3063,16.9957,27.6886,0.345315,5.58141,14.454,168.771,74.0047,53.7912,165.13,202.556,803.745,3263.61,5322.96,1246.73,5034.55,748.82,8057.03,5056.37,9356.97,3978.55,13126.6,6839.76,1553.99,1000.14,4630.28,5415.81,3521.86,2729.04,5804.23,2316.54,305.86,48.5692,1346.79,1507.22,0.519399,13.4389,-0.921195,0.0151282,-0.0164944,-1.57E-12,0.0207584,-0.0956439,-0.4038,0.395588,0.180797,-0.0444777,0.0199821,-0.102665,-1.57E-12,0.252295,-0.264298,-0.0333736,-0.848173,0.940419,-0.328669,0.328268,-0.016427,-0.065626,-0.142416,-0.0126734,0.418275,-0.333851,-0.487225,0.403567,0.208028,3.51222,14.0114,-0.220716,0.255033,-0.0896943,-0.0225624,-0.0223806,-0.0318158,0.0141124,0.0631304,-0.221927,0.179819,-0.0101225,0.00255668,-1.26271,1.9009,0.148858,0.0641893,0.332688,0.0378593,-0.283627,-0.00734241,-0.014242,-0.0934512,0.132884,-0.0365523,-0.00513422,-0.0468923,-0.00497028,-1.57E-12,-1.57E-12,-1.57E-12,-1.57E-12,-1.57E-12,-1.57E-12
C20,A. mellifera,Honey bee,-0.00519934,-0.00318003,0.00883234,0.00515586,-0.00912602,-0.00773435,0.0103729,-0.00298975,-0.000805701,0.00139714,-0.0113488,-0.00202316,0.0544466,-0.0432221,-0.00887849,0.0047353,0.000509064,-0.00205609,0.00309195,0.00848534,-0.02195,0.0107058,0.000865398,-0.000627602,-0.00104678,0.00721065,-0.00886515,-0.0099987,0.023952,-0.00813369,0.00474627,-0.0075841,-0.000751,0.00543697,0.00275853,0.00505237,-0.000983617,0.177236,3.55137,0.0104107,-0.0022028,0.0121742,-0.0279674,-0.00122779,0.00159852,-0.0418389,0.0352916,0.0329989,-0.0221755,-0.00129065,0.00208017,0.0187418,-0.0197357,0,0.00030958,-0.00162268,0.00121129,0,0,0,0.000577861,-0.00286339,0.00238446,0,-0.120197,-0.0290453,0.505703,7.13782,0.0542123,0.0745202,0.00165607,0,0,0,0,0,-0.0210297,0.0202003,0.000829389,0,0,0,0,0,0,0,0,0,0,0,0,0,0,0,0,0,0,0,0,0,0.00427093,-0.0047957,0.000346482,0,0,0,0,0,0,0,0,0,0.0301595,8.68168,71.3082,36.6006,7.17582,219.138,49.1797,203.685,1750.9,43.2523,1.11118,42.2948,0.0556504,28.6129,2.7282,0.137995,1.68E-12,9.93175,3.87406,2.4844,-0.885513,158.845,2831.06,19.9152,9.266,10.9895,0.165019,0.107485,0.470272,120.512,73.5864,25.1282,131.58,155.892,721.952,3259.71,5210.63,1300.94,5007.78,787.55,8000.62,5067.64,9391.36,4122.3,13017.6,7015.98,1712.58,1048.53,4936.45,5196.88,3563.96,2739.83,5769.61,2404.85,385.241,82.3606,1351.49,1465.46,0.214394,14.271,0.868858,0.0169656,-0.0458408,-0.00339597,0.0374556,-0.126783,-0.158661,0.323456,0.0126946,-0.124455,0.655073,-0.431243,0.0486095,0.236917,-0.32318,-0.0631438,-0.304941,4.77759,-0.276919,0.394985,-0.00908202,-0.0181138,-0.183733,-0.0402473,0.53254,-0.433839,0.203364,5.39569,0.354473,2.33612,8.91624,-0.315274,0.297256,-0.196392,0.00311628,-2.58E-11,-2.58E-11,0.00771033,0.0142377,-0.20326,0.176749,0.0150009,-0.0094464,-0.334712,10.5298,0.0345881,0.0822612,3.20487,-0.0292824,-0.478703,0.0224243,-0.048929,0.00257835,0.024549,-0.0130648,-0.00208804,0.000737177,-2.58E-11,-2.58E-11,-2.58E-11,-2.58E-11,-2.58E-11,-2.58E-11,-2.58E-11